1,Andrus,McCoid,amccoid0@nasa.gov,Male,France,12/14/1986
2,Kassandra,Devers,kdevers1@nifty.com,Female,Honduras,1/16/1979
3,Sheilah,D'Arrigo,sdarrigo2@livejournal.com,Female,Indonesia,12/31/1988
4,Blakeley,Reeder,breeder3@illinois.edu,Female,Indonesia,6/5/1979
5,Ignazio,Dabels,idabels4@ask.com,Male,Czech Republic,4/21/1992
6,Minta,Jakubczyk,mjakubczyk5@sakura.ne.jp,Female,Ukraine,8/15/1996
7,Rhiamon,Ethersey,rethersey6@hostgator.com,Female,Philippines,7/6/1989
8,Hermina,Axe,haxe7@microsoft.com,Female,Portugal,11/8/1997
9,Buddy,Pimlock,bpimlock8@bloglines.com,Male,China,12/8/1988
10,Stafford,Pakes,spakes9@cpanel.net,Male,China,8/7/1987
11,Sancho,Mussett,smussetta@yolasite.com,Male,Cameroon,11/27/1988
12,Vernor,Coucha,vcouchab@senate.gov,Male,Indonesia,7/17/2000
13,Wallas,Tudge,wtudgec@census.gov,Male,French Guiana,1/31/1995
14,Steward,O'Fogarty,sofogartyd@g.co,Male,Dominican Republic,1/19/1999
15,Peyter,Heining,pheininge@goo.ne.jp,Male,Indonesia,1/1/1996
16,Valencia,Angus,vangusf@sphinn.com,Female,Albania,10/7/1972
17,Rollie,Bartolozzi,rbartolozzig@gnu.org,Male,Poland,5/9/1981
18,Belita,Leghorn,bleghornh@acquirethisname.com,Female,Malaysia,11/20/1989
19,Silvanus,Pacheco,spachecoi@army.mil,Male,China,12/5/1987
20,Rois,Yorston,ryorstonj@dedecms.com,Female,Indonesia,12/14/1989
21,Wes,Philip,wphilipk@blogger.com,Male,China,11/16/1984
22,Shepard,Bruneton,sbrunetonl@flavors.me,Male,Slovenia,1/25/1971
23,Elise,Fulcher,efulcherm@ted.com,Female,Greece,4/24/1975
24,Saunder,Chattelaine,schattelainen@jigsy.com,Male,Greece,2/7/1982
25,Christopher,Ramelet,crameleto@whitehouse.gov,Male,China,4/1/1986
26,Jessee,Jardine,jjardinep@gravatar.com,Male,Russia,2/14/2000
27,Malissia,Knewstub,mknewstubq@alibaba.com,Female,Indonesia,1/23/1985
28,Chryste,Willcott,cwillcottr@accuweather.com,Female,Canada,11/29/1973
29,Claudius,Cockcroft,ccockcrofts@home.pl,Male,China,7/22/1974
30,Codie,de Voiels,cdevoielst@rediff.com,Male,Japan,9/7/1983
31,Rachelle,Riddock,rriddocku@zimbio.com,Female,Albania,1/22/1980
32,Marven,Kenrack,mkenrackv@cdbaby.com,Male,Indonesia,7/20/1983
33,Carlita,Grafton,cgraftonw@freewebs.com,Female,Croatia,6/7/1998
34,Sol,Bugg,sbuggx@indiatimes.com,Male,China,9/9/1987
35,Modesty,Cawthorn,mcawthorny@reference.com,Female,Uruguay,4/23/1997
36,Justinian,Lilion,jlilionz@cbc.ca,Male,Uzbekistan,12/13/1992
37,April,Haryngton,aharyngton10@nydailynews.com,Female,Japan,12/27/1970
38,Dulce,Wellfare,dwellfare11@npr.org,Female,Philippines,2/6/1975
39,Hakeem,Piercey,hpiercey12@ustream.tv,Male,China,6/13/1975
40,Mario,Fitzroy,mfitzroy13@prlog.org,Male,China,1/2/1989
41,Fred,Mackerness,fmackerness14@addtoany.com,Male,Russia,12/5/1973
42,Datha,Hannibal,dhannibal15@hp.com,Female,Ukraine,12/13/1974
43,Derrik,Stegers,dstegers16@sakura.ne.jp,Male,Russia,5/18/1995
44,Rory,MacGahy,rmacgahy17@wix.com,Female,Czech Republic,11/11/1979
45,Bradney,Brazener,bbrazener18@goodreads.com,Male,Japan,9/3/1996
46,Freddy,Allon,fallon19@list-manage.com,Male,Italy,9/27/1988
47,Esta,Shadwick,eshadwick1a@ed.gov,Female,Portugal,8/18/1971
48,Donny,Adshad,dadshad1b@infoseek.co.jp,Male,Portugal,11/14/1994
49,Angelika,Mirfin,amirfin1c@china.com.cn,Female,Brazil,2/26/1985
50,Anett,Oxton,aoxton1d@wikimedia.org,Female,Portugal,2/23/1974
51,Kaleb,Squelch,ksquelch1e@gizmodo.com,Male,Vietnam,1/27/1976
52,Keri,Aingell,kaingell1f@mozilla.com,Female,Russia,5/2/1994
53,Bradley,Donan,bdonan1g@rediff.com,Male,Thailand,10/30/1979
54,Briano,Pere,bpere1h@people.com.cn,Male,Indonesia,1/23/1996
55,Kristi,Beardsley,kbeardsley1i@yelp.com,Female,China,3/2/1993
56,Aeriell,Feronet,aferonet1j@goodreads.com,Female,Russia,5/3/1980
57,Rossie,Mutch,rmutch1k@tripadvisor.com,Male,Indonesia,9/28/1999
58,Terri,Coppledike,tcoppledike1l@blog.com,Female,Sweden,11/24/1980
59,Mahmoud,Vennings,mvennings1m@aboutads.info,Male,Indonesia,7/18/1975
60,Garrek,Roycraft,groycraft1n@twitter.com,Male,Russia,8/5/1996
61,Claribel,Bound,cbound1o@hugedomains.com,Female,Philippines,6/30/1980
62,Hadlee,Tosdevin,htosdevin1p@statcounter.com,Male,Indonesia,10/1/1997
63,Dimitri,Donnell,ddonnell1q@redcross.org,Male,Russia,4/22/1985
64,Kinnie,Hartup,khartup1r@topsy.com,Male,Kenya,3/29/1972
65,Cori,Ferencowicz,cferencowicz1s@wisc.edu,Male,United States,2/8/1979
66,Idelle,Finlry,ifinlry1t@rakuten.co.jp,Female,Australia,9/27/1998
67,Van,Womersley,vwomersley1u@fotki.com,Female,Indonesia,9/10/1986
68,Quentin,Boarder,qboarder1v@macromedia.com,Male,Estonia,12/23/1979
69,Sibelle,Tesh,stesh1w@seattletimes.com,Female,Indonesia,7/1/1994
70,Alex,Bance,abance1x@mayoclinic.com,Female,China,4/29/1982
71,Lacee,McCreedy,lmccreedy1y@canalblog.com,Female,Morocco,4/17/1977
72,Ky,Maydwell,kmaydwell1z@ycombinator.com,Male,Indonesia,5/2/1978
73,Xerxes,Stanex,xstanex20@rambler.ru,Male,Nicaragua,5/19/1973
74,Donal,Standring,dstandring21@slashdot.org,Male,Canada,12/29/1995
75,Evangelina,Elleray,eelleray22@hp.com,Female,Mauritius,8/26/1983
76,Elena,Herreran,eherreran23@oakley.com,Female,Albania,12/6/1991
77,Delmar,Crippin,dcrippin24@instagram.com,Male,Argentina,5/11/1976
78,Vincenty,Kunzel,vkunzel25@last.fm,Male,China,6/6/1985
79,Humfrid,Crossgrove,hcrossgrove26@msn.com,Male,Morocco,3/18/1975
80,Danya,Smurfitt,dsmurfitt27@chronoengine.com,Female,Serbia,1/15/1984
81,Helaina,Bree,hbree28@cafepress.com,Female,Czech Republic,1/24/1986
82,Matthaeus,Wyrall,mwyrall29@usgs.gov,Male,Ukraine,1/16/1979
83,Homerus,Grizard,hgrizard2a@toplist.cz,Male,Indonesia,11/17/1986
84,Jeannie,Stranieri,jstranieri2b@google.pl,Female,Indonesia,7/13/1975
85,Christy,Staniland,cstaniland2c@mlb.com,Male,China,7/11/1972
86,Reynold,Ord,rord2d@fotki.com,Male,Czech Republic,10/3/1980
87,Iain,Whittek,iwhittek2e@rakuten.co.jp,Male,China,5/2/1991
88,Germana,Leat,gleat2f@chronoengine.com,Female,China,2/15/1999
89,Shelby,Escofier,sescofier2g@homestead.com,Female,Indonesia,8/17/1981
90,Tanitansy,Blabie,tblabie2h@google.de,Female,Bangladesh,9/3/1975
91,Mathian,Bierling,mbierling2i@google.nl,Male,Palestinian Territory,8/5/1993
92,Sidney,Lartice,slartice2j@domainmarket.com,Male,Russia,1/25/1979
93,Leigha,Bennedick,lbennedick2k@acquirethisname.com,Female,Indonesia,6/21/1990
94,Uriah,Barford,ubarford2l@163.com,Male,Hungary,2/14/1986
95,Randy,Scolli,rscolli2m@accuweather.com,Male,China,12/14/1975
96,Sergei,Manvelle,smanvelle2n@issuu.com,Male,Madagascar,8/21/1998
97,Saundra,Skelhorn,sskelhorn2o@gov.uk,Male,Portugal,11/15/1996
98,Anthea,Endle,aendle2p@epa.gov,Female,South Africa,10/25/1982
99,Ninnetta,Tiptaft,ntiptaft2q@is.gd,Female,China,8/16/1994
100,Arlene,Vauter,avauter2r@huffingtonpost.com,Female,Portugal,2/12/1972
101,Lucio,Agnolo,lagnolo2s@shinystat.com,Male,Mexico,7/5/1993
102,Donall,Gravatt,dgravatt2t@zdnet.com,Male,Russia,8/26/1981
103,Danie,Ringer,dringer2u@last.fm,Male,Indonesia,1/15/1974
104,Isabeau,Bendtsen,ibendtsen2v@cnet.com,Female,China,11/24/1991
105,Kathi,Decourt,kdecourt2w@biglobe.ne.jp,Female,Albania,4/4/1977
106,Wendeline,Ping,wping2x@globo.com,Female,Russia,11/12/1994
107,Ulrich,Wassell,uwassell2y@hc360.com,Male,China,1/2/1975
108,Camille,Brownsmith,cbrownsmith2z@narod.ru,Female,Serbia,1/18/1973
109,Brittan,Hiley,bhiley30@independent.co.uk,Female,Chile,5/18/1992
110,Thom,Guerrin,tguerrin31@time.com,Male,Portugal,2/16/1980
111,Ianthe,Culp,iculp32@miibeian.gov.cn,Female,France,11/9/1993
112,Louis,De Gouy,ldegouy33@nydailynews.com,Male,Brazil,1/25/1972
113,Nev,Crannell,ncrannell34@github.com,Male,French Southern Territories,8/9/1996
114,Hymie,Penzer,hpenzer35@imdb.com,Male,Argentina,1/8/1990
115,Rhodie,Kondratenya,rkondratenya36@newyorker.com,Female,Indonesia,9/10/2000
116,Bogey,McLenahan,bmclenahan37@ifeng.com,Male,Russia,7/4/1991
117,Joscelin,Playdon,jplaydon38@accuweather.com,Female,Indonesia,8/3/1990
118,Avivah,Lunney,alunney39@google.com,Female,China,11/7/1991
119,Ellery,Gorges,egorges3a@smh.com.au,Male,South Korea,7/31/1977
120,Heida,Kless,hkless3b@yahoo.co.jp,Female,Indonesia,5/24/1990
121,De witt,Beckhouse,dbeckhouse3c@seesaa.net,Male,China,9/16/1996
122,Davidson,Woolhouse,dwoolhouse3d@tiny.cc,Male,China,3/16/1997
123,Edmund,Hallad,ehallad3e@163.com,Male,Poland,5/29/1996
124,Constantino,Coghill,ccoghill3f@home.pl,Male,Bangladesh,9/29/1995
125,Granger,Joire,gjoire3g@dailymail.co.uk,Male,Indonesia,1/19/1998
126,Terri,O'Bradane,tobradane3h@hhs.gov,Female,Japan,9/14/1973
127,Hildegarde,Hoyer,hhoyer3i@quantcast.com,Female,China,2/18/1982
128,Guthry,Hebblewhite,ghebblewhite3j@gnu.org,Male,Poland,10/10/1983
129,Jan,Gatehouse,jgatehouse3k@microsoft.com,Male,Papua New Guinea,11/17/1975
130,Burch,Ferns,bferns3l@purevolume.com,Male,Poland,5/29/1973
131,Otha,Bayless,obayless3m@noaa.gov,Female,Latvia,11/26/1997
132,Marybeth,MacCarter,mmaccarter3n@amazon.co.uk,Female,Croatia,5/22/1996
133,Tarah,Ondracek,tondracek3o@skype.com,Female,Thailand,11/3/1984
134,Marybeth,Warboys,mwarboys3p@unicef.org,Female,Indonesia,11/12/1995
135,Emma,Taunton,etaunton3q@cam.ac.uk,Female,China,1/2/1995
136,Felic,Frankiss,ffrankiss3r@fc2.com,Male,France,10/8/1997
137,Dorelia,Brunelli,dbrunelli3s@redcross.org,Female,China,4/9/1975
138,Ruby,Bottomer,rbottomer3t@mail.ru,Female,China,5/28/1980
139,Damita,Flemmich,dflemmich3u@skype.com,Female,Poland,11/23/1994
140,Berkeley,Lawie,blawie3v@boston.com,Male,Brazil,5/21/1983
141,Edin,Gisburn,egisburn3w@moonfruit.com,Female,Colombia,4/22/1994
142,Taite,Jutson,tjutson3x@dailymail.co.uk,Male,Belarus,12/3/1998
143,Gale,Rudsdale,grudsdale3y@japanpost.jp,Female,Mexico,3/17/1986
144,Daryn,Currier,dcurrier3z@weibo.com,Female,United States,2/24/1976
145,Shauna,Davitti,sdavitti40@seattletimes.com,Female,China,5/14/1985
146,Sydney,Frude,sfrude41@hibu.com,Male,Russia,7/20/1979
147,Ode,Brinsden,obrinsden42@ning.com,Male,Indonesia,6/8/1977
148,Alvira,Dadson,adadson43@desdev.cn,Female,Peru,9/1/1999
149,Lazare,Flamank,lflamank44@tripadvisor.com,Male,Russia,3/6/1983
150,Carmencita,Carse,ccarse45@pcworld.com,Female,Portugal,7/20/1991
151,Eveline,MacGibbon,emacgibbon46@oracle.com,Female,China,2/1/1984
152,Caro,Merryman,cmerryman47@istockphoto.com,Female,China,5/25/1991
153,Phillipp,Rispine,prispine48@vimeo.com,Male,Afghanistan,10/29/1996
154,Sonny,Brittin,sbrittin49@ebay.co.uk,Male,Colombia,11/1/1985
155,Kennan,Dauncey,kdauncey4a@abc.net.au,Male,Indonesia,11/1/1997
156,Latrena,Alexis,lalexis4b@craigslist.org,Female,Indonesia,6/12/1996
157,Lonnie,Offield,loffield4c@digg.com,Male,China,6/8/1984
158,Andres,Seven,aseven4d@xrea.com,Male,China,1/7/1975
159,Garreth,Kinny,gkinny4e@webnode.com,Male,Portugal,7/24/1992
160,Hildagarde,Macconaghy,hmacconaghy4f@wordpress.com,Female,Thailand,7/3/1989
161,Hewett,Pedycan,hpedycan4g@dedecms.com,Male,Greece,4/27/1999
162,Maynard,Grassick,mgrassick4h@accuweather.com,Male,Brazil,6/8/1974
163,Isa,Dunridge,idunridge4i@elegantthemes.com,Female,China,9/15/1985
164,Alric,Geharke,ageharke4j@nih.gov,Male,China,12/23/1988
165,Kimmy,Muat,kmuat4k@networkadvertising.org,Female,Brazil,8/31/1993
166,Rennie,Porteous,rporteous4l@reference.com,Female,Canada,8/23/1985
167,Emmett,Scudder,escudder4m@walmart.com,Male,China,6/13/1982
168,Joice,Kemshell,jkemshell4n@admin.ch,Female,Portugal,10/30/1985
169,Everard,Van der Veldt,evanderveldt4o@huffingtonpost.com,Male,Brazil,4/30/1996
170,Anneliese,Calderbank,acalderbank4p@about.com,Female,Thailand,1/23/1993
171,Chico,Downs,cdowns4q@cam.ac.uk,Male,Argentina,1/28/1978
172,Barnett,Leakner,bleakner4r@zdnet.com,Male,Philippines,11/12/1997
173,Auberta,Gier,agier4s@comsenz.com,Female,China,11/26/1976
174,Ellis,Glenwright,eglenwright4t@hibu.com,Male,South Africa,3/22/1971
175,Katrine,Haseman,khaseman4u@irs.gov,Female,Russia,10/20/1982
176,Aprilette,Joseland,ajoseland4v@oracle.com,Female,Greece,2/5/2000
177,Zulema,Portsmouth,zportsmouth4w@jiathis.com,Female,China,8/30/1999
178,Enrica,Cuncliffe,ecuncliffe4x@mozilla.org,Female,Slovenia,7/5/1983
179,Margaretha,Blundon,mblundon4y@prweb.com,Female,China,7/8/1996
180,Ivory,Levick,ilevick4z@go.com,Female,China,8/25/1978
181,Armstrong,Drewry,adrewry50@hostgator.com,Male,Poland,12/23/1996
182,Helge,O'Bradane,hobradane51@ucoz.ru,Female,China,6/7/1979
183,Fleur,Kondratenko,fkondratenko52@imgur.com,Female,Canada,4/21/1996
184,Chrysler,Ephson,cephson53@ucoz.ru,Female,China,9/18/1994
185,Val,Geddis,vgeddis54@barnesandnoble.com,Female,Poland,7/19/1984
186,Odelia,Duiguid,oduiguid55@smh.com.au,Female,China,2/2/1975
187,Jo ann,Draper,jdraper56@desdev.cn,Female,Russia,10/18/1986
188,Emmeline,Cullivan,ecullivan57@stanford.edu,Female,China,1/1/1979
189,Carola,Danjoie,cdanjoie58@booking.com,Female,Russia,3/31/1994
190,Rubin,Pye,rpye59@odnoklassniki.ru,Male,Ukraine,1/27/1996
191,Consuela,Bontoft,cbontoft5a@gravatar.com,Female,China,6/11/1973
192,Gus,Vinden,gvinden5b@youtube.com,Male,Indonesia,10/27/1978
193,Milty,Carlo,mcarlo5c@marketwatch.com,Male,China,8/10/1980
194,Gaile,Maykin,gmaykin5d@dyndns.org,Male,Vietnam,3/8/1989
195,Martguerita,Cammiemile,mcammiemile5e@marriott.com,Female,Portugal,2/16/1979
196,Dahlia,Burridge,dburridge5f@feedburner.com,Female,Philippines,7/1/1983
197,Darsey,Tomashov,dtomashov5g@skype.com,Female,Philippines,3/2/1983
198,Karoly,Whelpdale,kwhelpdale5h@harvard.edu,Male,Indonesia,1/26/1981
199,Isahella,Surfleet,isurfleet5i@cafepress.com,Female,Lithuania,3/19/1976
200,Anita,Golsworthy,agolsworthy5j@un.org,Female,Ireland,3/29/1999
201,Rosetta,Wadforth,rwadforth5k@apple.com,Female,Thailand,5/8/1993
202,Burg,Lacrouts,blacrouts5l@senate.gov,Male,Norway,6/12/1986
203,Hallie,Sale,hsale5m@gnu.org,Female,Peru,7/21/1987
204,Gustie,Turmel,gturmel5n@sina.com.cn,Female,Greece,11/1/1983
205,Harris,Froschauer,hfroschauer5o@canalblog.com,Male,Brazil,2/5/1985
206,Linn,Coye,lcoye5p@123-reg.co.uk,Female,Lesotho,5/20/1972
207,Kerby,Tett,ktett5q@about.com,Male,Afghanistan,5/10/1986
208,Natividad,Bletsoe,nbletsoe5r@usgs.gov,Female,Bangladesh,4/15/1987
209,Ganny,Scarsbrook,gscarsbrook5s@myspace.com,Male,Indonesia,11/15/1995
210,Karyl,Huthart,khuthart5t@slideshare.net,Female,Indonesia,10/19/1970
211,Godwin,Cumpsty,gcumpsty5u@cbc.ca,Male,United States,2/1/1971
212,Ashley,Goslin,agoslin5v@prweb.com,Male,Russia,1/10/1995
213,Marchelle,Kynman,mkynman5w@qq.com,Female,Mexico,8/15/1996
214,Maxy,Gimbart,mgimbart5x@gizmodo.com,Male,Mongolia,5/2/1987
215,Susann,Houlahan,shoulahan5y@youku.com,Female,China,10/7/1975
216,Orren,Slay,oslay5z@mail.ru,Male,Serbia,12/11/1970
217,Kassi,Wither,kwither60@blogspot.com,Female,Thailand,12/13/1994
218,Bernie,Fishlee,bfishlee61@infoseek.co.jp,Male,Czech Republic,8/17/1980
219,Aidan,Kuhlmey,akuhlmey62@squidoo.com,Female,Thailand,9/17/1988
220,Yalonda,Dunsmore,ydunsmore63@soup.io,Female,Iran,4/8/1992
221,Hershel,Byneth,hbyneth64@dell.com,Male,Guatemala,8/14/1974
222,Gleda,Thunnerclef,gthunnerclef65@i2i.jp,Female,Brazil,7/14/1998
223,Ab,Melmar,amelmar66@nps.gov,Male,Brazil,12/19/1973
224,Claudie,Burchill,cburchill67@google.ca,Female,Philippines,7/24/1997
225,Gretchen,Kilpatrick,gkilpatrick68@purevolume.com,Female,China,4/17/1986
226,Lamont,Foulis,lfoulis69@ox.ac.uk,Male,Indonesia,5/9/2000
227,Marya,Saldler,msaldler6a@list-manage.com,Female,China,12/18/1989
228,Leonidas,Dugall,ldugall6b@google.nl,Male,Pakistan,1/20/1998
229,Alair,Tomini,atomini6c@ucsd.edu,Male,Japan,6/15/1979
230,Theressa,M'Chirrie,tmchirrie6d@dyndns.org,Female,Russia,1/31/1996
231,Earlie,Birtchnell,ebirtchnell6e@geocities.com,Male,China,6/27/1983
232,Junia,Stille,jstille6f@cbsnews.com,Female,Canada,7/6/1998
233,Bryan,Gai,bgai6g@flavors.me,Male,China,3/10/1985
234,Barbabas,Dumingos,bdumingos6h@devhub.com,Male,Japan,4/13/1996
235,Fredek,McNerlin,fmcnerlin6i@mediafire.com,Male,Portugal,3/20/1974
236,Lilas,Gregolin,lgregolin6j@taobao.com,Female,Belarus,5/15/1991
237,Maye,Millimoe,mmillimoe6k@e-recht24.de,Female,China,11/19/1998
238,Sigismond,Lebel,slebel6l@vistaprint.com,Male,Japan,10/10/1997
239,Marlow,Nattriss,mnattriss6m@about.com,Male,China,8/11/1975
240,Wadsworth,Grewe,wgrewe6n@microsoft.com,Male,Portugal,8/23/1989
241,Bette-ann,Meriot,bmeriot6o@apache.org,Female,Argentina,7/6/1980
242,Eldredge,Rosewarne,erosewarne6p@liveinternet.ru,Male,Poland,10/19/1991
243,Laureen,Castleton,lcastleton6q@mail.ru,Female,Angola,1/2/1984
244,Gabi,Simison,gsimison6r@addthis.com,Male,Vietnam,6/6/1993
245,Constancia,Sullens,csullens6s@house.gov,Female,Czech Republic,2/21/1976
246,Mill,Hoyle,mhoyle6t@google.pl,Male,Slovenia,3/24/1991
247,Bobbie,Tacey,btacey6u@qq.com,Female,Indonesia,4/23/1991
248,Ravid,Menego,rmenego6v@rakuten.co.jp,Male,Japan,2/15/1977
249,Leanor,Cluett,lcluett6w@auda.org.au,Female,China,1/1/1977
250,Elita,Robuchon,erobuchon6x@state.tx.us,Female,Thailand,1/25/1987
251,Major,Corpe,mcorpe6y@berkeley.edu,Male,Argentina,12/2/1981
252,Frants,Benoist,fbenoist6z@mapquest.com,Male,China,7/8/1984
253,Shellie,Maplestone,smaplestone70@craigslist.org,Female,China,3/28/1991
254,Monah,Chrestien,mchrestien71@topsy.com,Female,Benin,11/7/1990
255,Kathrine,Mixer,kmixer72@nasa.gov,Female,Indonesia,8/31/1983
256,Kent,McCrystal,kmccrystal73@cornell.edu,Male,China,10/14/1989
257,Obediah,Chalk,ochalk74@parallels.com,Male,Uzbekistan,9/3/1980
258,Bernadine,Gress,bgress75@phpbb.com,Female,Indonesia,7/24/1980
259,Concettina,Saye,csaye76@constantcontact.com,Female,Japan,7/3/1996
260,Keen,Bottomer,kbottomer77@cnbc.com,Male,Ukraine,3/7/1996
261,Angie,Limrick,alimrick78@nydailynews.com,Male,China,8/13/1997
262,Jessie,Tompkinson,jtompkinson79@hibu.com,Female,China,7/3/1971
263,Corene,Leupoldt,cleupoldt7a@w3.org,Female,Japan,1/7/1986
264,Syd,Zanetti,szanetti7b@nba.com,Male,South Korea,3/28/1986
265,Tomkin,Cabena,tcabena7c@usatoday.com,Male,Norway,5/18/1976
266,Chrissie,Canet,ccanet7d@mapy.cz,Male,Netherlands,2/1/1988
267,Cecil,Ickovits,cickovits7e@ed.gov,Male,El Salvador,9/2/1994
268,Zara,Costello,zcostello7f@rakuten.co.jp,Female,Vietnam,2/19/1993
269,Wernher,Newdick,wnewdick7g@simplemachines.org,Male,Azerbaijan,7/9/1971
270,Britni,O'Riordan,boriordan7h@com.com,Female,Indonesia,1/13/1999
271,Geoffry,Millam,gmillam7i@bluehost.com,Male,Japan,4/17/1973
272,Delia,Skirving,dskirving7j@artisteer.com,Female,Ireland,12/31/1984
273,Marne,Boothe,mboothe7k@engadget.com,Female,China,12/7/1981
274,Newton,Eckert,neckert7l@jiathis.com,Male,Brazil,4/24/1993
275,Marcos,Maskew,mmaskew7m@psu.edu,Male,United States,8/18/1991
276,Rem,Slator,rslator7n@mozilla.com,Male,Ukraine,4/23/1976
277,Asa,Reddington,areddington7o@technorati.com,Male,Nicaragua,3/13/1978
278,Ole,Edmondson,oedmondson7p@microsoft.com,Male,Philippines,2/15/1973
279,Lauritz,Sagg,lsagg7q@weather.com,Male,France,2/21/1993
280,Dag,Eberst,deberst7r@va.gov,Male,Russia,7/18/1979
281,Antonina,Lamplugh,alamplugh7s@printfriendly.com,Female,China,11/3/1979
282,Madeleine,Balloch,mballoch7t@istockphoto.com,Female,Brazil,5/30/1972
283,Celene,Duinkerk,cduinkerk7u@marriott.com,Female,Iraq,4/5/1974
284,Berkly,Hane,bhane7v@wikipedia.org,Male,France,7/9/1973
285,Leif,Krysztofowicz,lkrysztofowicz7w@mayoclinic.com,Male,China,10/1/1989
286,Shaylah,Veivers,sveivers7x@a8.net,Female,Malaysia,3/8/1974
287,Dolli,Sheard,dsheard7y@wikimedia.org,Female,Dominican Republic,6/30/1976
288,Hanan,Larrington,hlarrington7z@ibm.com,Male,United States,8/17/1972
289,Si,Dufaur,sdufaur80@si.edu,Male,Indonesia,9/13/1971
290,Jeralee,Aicken,jaicken81@wikia.com,Female,France,3/18/1999
291,Suzanna,Benne,sbenne82@photobucket.com,Female,Belarus,5/15/1993
292,Gaultiero,Chellam,gchellam83@ow.ly,Male,Indonesia,2/12/1980
293,Sher,Brelsford,sbrelsford84@stumbleupon.com,Female,China,3/3/1987
294,Caritta,Vaune,cvaune85@pcworld.com,Female,Indonesia,12/6/1983
295,Nichole,MacDunleavy,nmacdunleavy86@angelfire.com,Female,Indonesia,4/30/1976
296,Ignatius,Hazeldean,ihazeldean87@tuttocitta.it,Male,Saudi Arabia,9/1/1980
297,Florance,Londing,flonding88@archive.org,Female,Indonesia,5/16/1980
298,Oswald,Schach,oschach89@topsy.com,Male,Russia,12/10/1987
299,Katharine,McGurk,kmcgurk8a@sun.com,Female,Panama,11/7/1984
300,Seumas,Heyns,sheyns8b@creativecommons.org,Male,Iran,12/19/1979
301,Nolly,McCurlye,nmccurlye8c@ustream.tv,Male,Philippines,7/29/1987
302,Brinn,Stannion,bstannion8d@wix.com,Female,China,2/14/1979
303,Kaja,Kneale,kkneale8e@admin.ch,Female,Australia,4/25/1993
304,Andrea,McAw,amcaw8f@vk.com,Female,China,10/19/1975
305,Norina,Jencken,njencken8g@elegantthemes.com,Female,Ireland,7/3/1998
306,Halimeda,Chessman,hchessman8h@java.com,Female,China,2/28/1988
307,Royal,Haggidon,rhaggidon8i@ebay.co.uk,Male,China,4/15/1977
308,Harli,O'Neil,honeil8j@freewebs.com,Female,Germany,6/4/1971
309,Harlan,Clewarth,hclewarth8k@census.gov,Male,China,4/7/1972
310,Noami,Finker,nfinker8l@discuz.net,Female,Indonesia,7/18/1984
311,Rayner,Haddleston,rhaddleston8m@foxnews.com,Male,Ghana,7/22/1972
312,Candra,Abatelli,cabatelli8n@dion.ne.jp,Female,Philippines,8/26/1996
313,Etan,McFee,emcfee8o@yale.edu,Male,Ukraine,4/16/1975
314,Xavier,Cranch,xcranch8p@nsw.gov.au,Male,Kazakhstan,6/25/1997
315,Lovell,Mugg,lmugg8q@furl.net,Male,Czech Republic,5/31/1973
316,Shadow,Elsom,selsom8r@trellian.com,Male,China,11/14/1987
317,Yves,Dany,ydany8s@digg.com,Male,Montenegro,3/2/1974
318,Gabey,Errichelli,gerrichelli8t@deviantart.com,Female,Sweden,5/28/1981
319,Ahmed,Heffernan,aheffernan8u@bloglovin.com,Male,Czech Republic,12/27/1980
320,Nathaniel,Fleet,nfleet8v@vistaprint.com,Male,Indonesia,9/24/1974
321,Chelsea,McCloy,cmccloy8w@instagram.com,Female,New Zealand,5/22/1974
322,Giraud,Pitceathly,gpitceathly8x@desdev.cn,Male,Sweden,6/2/1977
323,Timothee,Whistance,twhistance8y@google.es,Male,Pakistan,12/7/1976
324,Bobbee,Margrett,bmargrett8z@canalblog.com,Female,Mexico,10/25/1973
325,Karmen,De Francesco,kdefrancesco90@scientificamerican.com,Female,Samoa,8/2/1974
326,Lizzy,Albion,lalbion91@tinyurl.com,Female,China,1/9/1984
327,Shepherd,Yurocjkin,syurocjkin92@forbes.com,Male,China,10/1/1982
328,Nevsa,Korb,nkorb93@archive.org,Female,Portugal,3/7/1995
329,Llywellyn,Ubsdell,lubsdell94@skyrock.com,Male,Germany,4/23/1991
330,Denice,Braban,dbraban95@washington.edu,Female,China,8/2/1994
331,Cam,Stenhouse,cstenhouse96@umich.edu,Female,China,2/24/1973
332,Paten,Estevez,pestevez97@noaa.gov,Male,Sweden,10/1/1986
333,Maudie,Brattell,mbrattell98@nydailynews.com,Female,China,10/23/1985
334,Jerrold,Dmitrienko,jdmitrienko99@chron.com,Male,China,3/3/1979
335,Gallagher,Extance,gextance9a@telegraph.co.uk,Male,Slovenia,6/16/1971
336,Zabrina,Hayhurst,zhayhurst9b@jigsy.com,Female,Jamaica,8/3/1976
337,Townsend,Musto,tmusto9c@time.com,Male,Portugal,1/31/1991
338,Anatole,Heustace,aheustace9d@japanpost.jp,Male,Iran,1/21/1997
339,Rosemary,Pirouet,rpirouet9e@independent.co.uk,Female,Venezuela,3/5/1990
340,Matilda,Dodsworth,mdodsworth9f@godaddy.com,Female,Russia,4/1/1991
341,George,Yesipov,gyesipov9g@uiuc.edu,Female,Indonesia,11/30/1977
342,Winni,Cottier,wcottier9h@ted.com,Female,Philippines,10/13/1997
343,Kit,Templeton,ktempleton9i@is.gd,Male,Indonesia,8/17/1975
344,Marcia,Reford,mreford9j@cargocollective.com,Female,Martinique,6/12/1991
345,Caty,Castles,ccastles9k@gravatar.com,Female,Philippines,9/17/1973
346,Wilton,Vokes,wvokes9l@yelp.com,Male,France,11/21/1999
347,Gerardo,Verman,gverman9m@irs.gov,Male,Ireland,9/13/1984
348,Shoshanna,de Clercq,sdeclercq9n@si.edu,Female,China,4/28/1995
349,Malissia,Cheng,mcheng9o@digg.com,Female,Indonesia,10/22/1991
350,Elvis,MacGraith,emacgraith9p@tinyurl.com,Male,Chile,8/3/1972
351,Edin,aManger,eamanger9q@reddit.com,Female,Indonesia,9/3/1995
352,Wileen,Wittleton,wwittleton9r@woothemes.com,Female,Peru,11/19/1983
353,Holli,Lavielle,hlavielle9s@marriott.com,Female,Indonesia,4/13/1975
354,Cirillo,Ferroli,cferroli9t@1und1.de,Male,China,4/10/1983
355,Wilbert,Yerill,wyerill9u@cafepress.com,Male,China,4/11/1975
356,Lenci,McGinny,lmcginny9v@columbia.edu,Male,France,11/17/1996
357,Bogey,Jacquot,bjacquot9w@uol.com.br,Male,Russia,3/11/1979
358,Bobbye,Brokenbrow,bbrokenbrow9x@mtv.com,Female,Poland,8/26/1992
359,Breanne,Denton,bdenton9y@networksolutions.com,Female,China,9/6/1978
360,Clementius,Cunio,ccunio9z@loc.gov,Male,China,8/16/1995
361,Mikey,Baudinet,mbaudineta0@gnu.org,Male,Indonesia,3/28/1986
362,Wheeler,Lowle,wlowlea1@creativecommons.org,Male,China,11/25/1984
363,Abelard,Braga,abragaa2@bigcartel.com,Male,Mauritius,12/28/1985
364,Aleen,Scaysbrook,ascaysbrooka3@scribd.com,Female,Nigeria,9/11/1993
365,Janie,Halfacre,jhalfacrea4@pagesperso-orange.fr,Female,Indonesia,4/25/1976
366,Charlot,Febvre,cfebvrea5@squidoo.com,Female,Peru,3/5/1986
367,Malcolm,Timpany,mtimpanya6@usa.gov,Male,Indonesia,3/18/1990
368,Mannie,Ingman,mingmana7@dell.com,Male,Thailand,11/29/1970
369,Devan,Chazelle,dchazellea8@ehow.com,Female,Philippines,1/28/1982
370,Maurits,Clardge,mclardgea9@live.com,Male,Indonesia,1/13/1983
371,Ashton,Thomton,athomtonaa@eventbrite.com,Male,Brazil,6/5/1993
372,Gale,Palley,gpalleyab@state.tx.us,Female,Ukraine,6/5/1978
373,Tyrus,Beddow,tbeddowac@ihg.com,Male,Mayotte,12/25/1998
374,Allison,Gilbeart,agilbeartad@merriam-webster.com,Female,Poland,3/19/1991
375,Jaquenetta,Johnston,jjohnstonae@elpais.com,Female,Indonesia,8/19/1980
376,Madalena,Chettle,mchettleaf@bloglines.com,Female,Indonesia,10/22/1976
377,Rogers,Huccaby,rhuccabyag@cpanel.net,Male,Russia,7/13/1995
378,Cinda,Gepp,cgeppah@clickbank.net,Female,Argentina,4/2/1974
379,Selina,Paddison,spaddisonai@tripadvisor.com,Female,Indonesia,3/30/1979
380,Aurelia,Mate,amateaj@google.com.hk,Female,Indonesia,2/22/1978
381,Marrissa,Edkins,medkinsak@blogs.com,Female,France,1/20/1983
382,Jessy,Beidebeke,jbeidebekeal@unblog.fr,Female,Czech Republic,2/19/1979
383,Ritchie,Yurikov,ryurikovam@yellowbook.com,Male,Indonesia,6/12/2000
384,Karole,Stripling,kstriplingan@123-reg.co.uk,Female,France,2/15/1985
385,Shea,Dommerque,sdommerqueao@shop-pro.jp,Male,Mali,8/13/1990
386,Florence,Simeonov,fsimeonovap@nydailynews.com,Female,Czech Republic,6/22/1978
387,Calypso,Cavolini,ccavoliniaq@1und1.de,Female,Guatemala,3/30/1985
388,Corrie,Blamey,cblameyar@dell.com,Male,China,8/8/1997
389,Filide,Pollak,fpollakas@printfriendly.com,Female,Mongolia,7/3/1978
390,Eliot,Nabarro,enabarroat@independent.co.uk,Male,Indonesia,11/6/1979
391,Sheila,Matignon,smatignonau@mail.ru,Female,Czech Republic,10/16/1975
392,Asia,Chatainier,achatainierav@intel.com,Female,Indonesia,9/22/1977
393,Alastair,Backes,abackesaw@usda.gov,Male,Argentina,6/12/1987
394,Mendie,Gowdy,mgowdyax@parallels.com,Male,Lesotho,3/5/1994
395,Rubia,Bendle,rbendleay@examiner.com,Female,Philippines,9/20/1986
396,Saraann,Sporner,ssporneraz@github.io,Female,Nigeria,10/9/1989
397,Lurline,Gierok,lgierokb0@disqus.com,Female,China,8/18/1997
398,Robbie,McLuckie,rmcluckieb1@usda.gov,Male,United States,7/18/1991
399,Phaidra,Charlotte,pcharlotteb2@g.co,Female,China,7/28/1987
400,Hedda,Huffa,hhuffab3@salon.com,Female,Russia,12/26/1983
401,Blair,Candlin,bcandlinb4@blogs.com,Male,Uganda,10/5/1994
402,Jessee,Siflet,jsifletb5@mit.edu,Male,Iceland,10/7/1975
403,Krishnah,Wilfing,kwilfingb6@hc360.com,Male,Palestinian Territory,7/13/1971
404,Collie,Brendeke,cbrendekeb7@tiny.cc,Female,Malaysia,11/21/1980
405,Colas,Wimbury,cwimburyb8@newsvine.com,Male,Slovenia,9/2/1995
406,Letty,Terney,lterneyb9@domainmarket.com,Female,Philippines,7/21/1988
407,Michail,Vannet,mvannetba@dell.com,Male,Indonesia,11/18/1993
408,Marta,Hodjetts,mhodjettsbb@csmonitor.com,Female,Bangladesh,1/29/1984
409,Chas,Juszkiewicz,cjuszkiewiczbc@ustream.tv,Male,Sweden,3/31/1975
410,Teodorico,Mosley,tmosleybd@jalbum.net,Male,Poland,2/25/1976
411,Flin,Dunkinson,fdunkinsonbe@list-manage.com,Male,Angola,5/27/1977
412,Oralle,Eastham,oeasthambf@intel.com,Female,Burkina Faso,5/2/1996
413,Iain,Crosio,icrosiobg@archive.org,Male,Luxembourg,9/11/1984
414,Aubrey,Ellicombe,aellicombebh@sun.com,Male,Czech Republic,7/18/1984
415,Laurens,Orring,lorringbi@ning.com,Male,Macedonia,4/4/1985
416,Deborah,Ebbings,debbingsbj@europa.eu,Female,Kazakhstan,10/12/1985
417,Liana,Snawden,lsnawdenbk@ibm.com,Female,Peru,8/7/1990
418,Whitney,Dunbobin,wdunbobinbl@time.com,Female,Belarus,11/9/1987
419,Shela,Landeaux,slandeauxbm@nature.com,Female,China,8/22/1971
420,Syman,Mangam,smangambn@timesonline.co.uk,Male,Thailand,5/23/1990
421,Stepha,Filipputti,sfilipputtibo@telegraph.co.uk,Female,Thailand,7/13/1999
422,Stephani,Sobczak,ssobczakbp@rambler.ru,Female,Malta,8/11/1999
423,Zorana,Romaines,zromainesbq@netvibes.com,Female,Croatia,9/16/1980
424,Ammamaria,Dael,adaelbr@lulu.com,Female,Poland,6/15/1995
425,Oliver,Letherbury,oletherburybs@mapquest.com,Male,Philippines,11/18/1980
426,Joaquin,June,jjunebt@networkadvertising.org,Male,Thailand,4/16/1994
427,Lennie,Skeemer,lskeemerbu@businessweek.com,Male,Venezuela,5/2/1972
428,Idalina,Vedenichev,ivedenichevbv@csmonitor.com,Female,Ukraine,1/7/1999
429,Al,Symons,asymonsbw@cam.ac.uk,Male,China,4/22/1988
430,Jobie,Webborn,jwebbornbx@webs.com,Female,China,6/22/1985
431,Gilburt,Rickard,grickardby@fema.gov,Male,United States,9/11/1971
432,Cathie,Noseworthy,cnoseworthybz@opensource.org,Female,Peru,2/20/1995
433,Dorelia,Roby,drobyc0@alibaba.com,Female,Japan,12/22/1994
434,Finlay,Pering,fperingc1@goo.ne.jp,Male,Sri Lanka,1/29/1978
435,Tuck,Thornborrow,tthornborrowc2@weather.com,Male,Russia,3/8/1998
436,Hunfredo,Easseby,heassebyc3@miitbeian.gov.cn,Male,Brazil,10/17/1982
437,Freda,Wingrove,fwingrovec4@zdnet.com,Female,Portugal,7/17/1994
438,Niki,Roman,nromanc5@tuttocitta.it,Male,Japan,3/12/1979
439,Carmelita,Lorrie,clorriec6@youtube.com,Female,Syria,4/2/1979
440,Hyacintha,Ledur,hledurc7@utexas.edu,Female,Uzbekistan,1/5/1986
441,Arin,Gallaher,agallaherc8@desdev.cn,Male,Indonesia,4/26/1971
442,Hamish,Norrington,hnorringtonc9@webnode.com,Male,Iran,8/27/1991
443,Nicky,Machans,nmachansca@gov.uk,Male,Philippines,5/12/1981
444,Cullin,Hearl,chearlcb@constantcontact.com,Male,Brazil,11/14/1984
445,Gustav,Abelov,gabelovcc@stumbleupon.com,Male,Chad,8/25/1998
446,Hyacinthia,Leap,hleapcd@hp.com,Female,Bhutan,7/20/1974
447,Annamaria,Laffoley-Lane,alaffoleylanece@biglobe.ne.jp,Female,Dominican Republic,11/5/1980
448,Jessie,Benediktsson,jbenediktssoncf@state.gov,Female,Philippines,9/19/1999
449,Lark,de Mendoza,ldemendozacg@independent.co.uk,Female,China,2/18/1998
450,Gearalt,Berzons,gberzonsch@dropbox.com,Male,China,2/14/1998
451,Trey,McCaughran,tmccaughranci@livejournal.com,Male,Poland,1/5/1976
452,Monro,Sandhill,msandhillcj@alibaba.com,Male,Czech Republic,1/27/1992
453,Frazier,Hoovart,fhoovartck@cam.ac.uk,Male,Kosovo,6/4/1988
454,Brocky,Phillimore,bphillimorecl@google.nl,Male,Japan,5/4/1989
455,Loreen,Chetham,lchethamcm@cargocollective.com,Female,Ukraine,8/22/1992
456,Jedidiah,Aluard,jaluardcn@howstuffworks.com,Male,Malta,5/20/1974
457,Mabelle,Traves,mtravesco@columbia.edu,Female,Portugal,8/11/1998
458,Darb,Osborn,dosborncp@zdnet.com,Female,Bulgaria,6/30/1977
459,Dela,Mazzey,dmazzeycq@google.co.jp,Female,Russia,4/2/1976
460,Cleve,Ebanks,cebankscr@google.com.br,Male,China,8/26/1992
461,Taite,Skrines,tskrinescs@wordpress.com,Male,China,8/16/1985
462,Sylvia,Morden,smordenct@patch.com,Female,Serbia,7/5/1982
463,Ginnie,Bartolini,gbartolinicu@elpais.com,Female,Portugal,3/27/1996
464,Titos,Quenby,tquenbycv@infoseek.co.jp,Male,Russia,10/26/1997
465,Daryl,Handrik,dhandrikcw@ca.gov,Female,China,12/9/1985
466,Dun,Churly,dchurlycx@baidu.com,Male,Russia,4/22/1988
467,Hadlee,Takle,htaklecy@desdev.cn,Male,Tunisia,10/20/1990
468,Moyra,Brennen,mbrennencz@nymag.com,Female,Indonesia,9/9/1988
469,Pierson,Jakubovicz,pjakuboviczd0@boston.com,Male,Egypt,7/13/1976
470,Garrick,Keelan,gkeeland1@pbs.org,Male,China,7/24/1973
471,Sheba,Gouldstraw,sgouldstrawd2@wikia.com,Female,Japan,10/31/1994
472,Rebecca,Threader,rthreaderd3@yelp.com,Female,Tunisia,4/29/1990
473,Locke,Gleave,lgleaved4@hp.com,Male,Kenya,6/13/1976
474,Ellary,Kick,ekickd5@nymag.com,Male,Thailand,2/9/1999
475,Benyamin,Brand-Hardy,bbrandhardyd6@oracle.com,Male,Thailand,3/23/1996
476,Shay,Leipnik,sleipnikd7@adobe.com,Female,Indonesia,8/20/1992
477,Dinny,Gronou,dgronoud8@google.co.jp,Female,United States,8/14/1987
478,Shae,Ludl,sludld9@furl.net,Male,China,2/25/1996
479,Berenice,Madelin,bmadelinda@theatlantic.com,Female,Niger,2/8/1985
480,Paige,Scamel,pscameldb@marriott.com,Male,Russia,1/12/1991
481,Scot,Rohloff,srohloffdc@arstechnica.com,Male,China,5/21/1984
482,Bunny,Timny,btimnydd@cpanel.net,Female,Cyprus,9/28/1995
483,Sonnie,Simoni,ssimonide@barnesandnoble.com,Female,Philippines,11/19/1983
484,Filide,Geddes,fgeddesdf@mozilla.org,Female,Russia,3/9/1985
485,Prudence,Artis,partisdg@freewebs.com,Female,Kuwait,7/3/1987
486,Cal,Hanscom,chanscomdh@arizona.edu,Female,Russia,4/20/1974
487,Edmon,Irvin,eirvindi@list-manage.com,Male,France,6/8/1988
488,Lavinie,Shuttle,lshuttledj@apache.org,Female,Uruguay,10/23/1983
489,Perrine,Felix,pfelixdk@yahoo.co.jp,Female,China,10/18/1983
490,Gerrard,Paterson,gpatersondl@upenn.edu,Male,Sweden,8/6/1983
491,Maye,Derell,mderelldm@amazonaws.com,Female,Sweden,7/31/1987
492,Field,Mailes,fmailesdn@chron.com,Male,Thailand,7/11/1983
493,Valentia,Selly,vsellydo@kickstarter.com,Female,Kenya,1/3/1978
494,Hinda,Gledhall,hgledhalldp@trellian.com,Female,Kazakhstan,6/27/1998
495,Trina,Seres,tseresdq@yelp.com,Female,Canada,8/11/1988
496,Dietrich,Mintoft,dmintoftdr@apple.com,Male,Philippines,3/24/1981
497,Silvanus,Muxworthy,smuxworthyds@va.gov,Male,China,12/31/1979
498,Mariann,Lehr,mlehrdt@whitehouse.gov,Female,Poland,5/13/1978
499,Kermie,Bostock,kbostockdu@cpanel.net,Male,Moldova,4/26/1980
500,Tabina,Gillopp,tgilloppdv@engadget.com,Female,Yemen,5/11/1988
501,Dane,Smetoun,dsmetoundw@scientificamerican.com,Male,Portugal,4/11/1971
502,Christyna,Scholes,cscholesdx@howstuffworks.com,Female,Luxembourg,5/19/1971
503,Hestia,Siddaley,hsiddaleydy@sina.com.cn,Female,Russia,11/2/1982
504,Saraann,Hixley,shixleydz@smugmug.com,Female,Honduras,6/24/1990
505,Horatia,Royce,hroycee0@163.com,Female,Malawi,12/9/1979
506,Gianina,Ganter,ggantere1@vistaprint.com,Female,Philippines,7/26/1974
507,Gypsy,Quantick,gquanticke2@engadget.com,Female,China,9/17/1988
508,Kendricks,Tooting,ktootinge3@marketwatch.com,Male,Croatia,6/20/1976
509,Win,Yanukhin,wyanukhine4@nymag.com,Male,China,3/21/1997
510,Fraze,Rushworth,frushworthe5@cdc.gov,Male,Costa Rica,1/14/1978
511,Batsheva,McGiffin,bmcgiffine6@canalblog.com,Female,Peru,7/24/1997
512,Yovonnda,Measor,ymeasore7@ycombinator.com,Female,Indonesia,11/15/1997
513,Opalina,Mortel,omortele8@g.co,Female,Ukraine,4/17/1993
514,Katherina,Huc,khuce9@wufoo.com,Female,Russia,12/7/1985
515,Ray,Medlin,rmedlinea@histats.com,Female,Philippines,12/22/1985
516,Antonina,Dethloff,adethloffeb@sogou.com,Female,China,1/4/1974
517,Alla,Bartlomiej,abartlomiejec@prweb.com,Female,China,4/19/1979
518,Cosme,Paxeford,cpaxeforded@usa.gov,Male,United States,4/8/1973
519,Kristos,Egerton,kegertonee@army.mil,Male,United States,12/15/1997
520,Curtice,Penkethman,cpenkethmanef@springer.com,Male,Colombia,9/30/1994
521,Ashlin,Huntingdon,ahuntingdoneg@va.gov,Male,Indonesia,3/29/1979
522,Rozalie,Grinvalds,rgrinvaldseh@fc2.com,Female,Poland,1/30/1993
523,Kurt,Kindred,kkindredei@squarespace.com,Male,Mexico,1/7/1996
524,Dael,Sackur,dsackurej@omniture.com,Female,Mongolia,11/22/1996
525,Langsdon,Joannic,ljoannicek@blogger.com,Male,Indonesia,3/7/1975
526,Yoshiko,Barbera,ybarberael@ihg.com,Female,China,1/14/1986
527,Annetta,Pynn,apynnem@i2i.jp,Female,Russia,7/16/1979
528,Chicky,Greenham,cgreenhamen@sourceforge.net,Male,Japan,3/26/1999
529,Corbett,Littledyke,clittledykeeo@biblegateway.com,Male,Slovenia,11/23/1992
530,Magdalena,Kempster,mkempsterep@apache.org,Female,Poland,1/19/1976
531,Ania,Powe,apoweeq@unc.edu,Female,China,5/5/1983
532,Hall,Muslim,hmuslimer@illinois.edu,Male,China,2/25/1997
533,Wright,Linn,wlinnes@imdb.com,Male,Indonesia,6/12/1973
534,Myranda,Rowthorne,mrowthorneet@mediafire.com,Female,Philippines,4/19/1989
535,Willis,Dener,wdenereu@yandex.ru,Male,Philippines,7/11/2000
536,Hilary,Roff,hroffev@meetup.com,Male,Sweden,3/25/1986
537,Hardy,Bolus,hbolusew@globo.com,Male,Georgia,1/22/1996
538,Gratia,Mallabar,gmallabarex@washington.edu,Female,Russia,3/4/1987
539,Toiboid,Gouldstraw,tgouldstrawey@wp.com,Male,Brazil,12/1/1992
540,Cher,Boughtflower,cboughtflowerez@wordpress.org,Female,Indonesia,2/10/1972
541,Terese,Petrecz,tpetreczf0@blinklist.com,Female,Saint Kitts and Nevis,2/3/1982
542,Analiese,Pettus,apettusf1@acquirethisname.com,Female,Poland,10/12/1995
543,Alyce,Faccini,afaccinif2@barnesandnoble.com,Female,Indonesia,2/27/1982
544,Von,Sango,vsangof3@ucsd.edu,Male,Indonesia,3/20/1998
545,Andre,Marr,amarrf4@symantec.com,Male,Poland,3/17/2000
546,Alisun,Neighbour,aneighbourf5@mac.com,Female,Russia,5/6/1985
547,Hyacinthie,Bruckshaw,hbruckshawf6@freewebs.com,Female,Indonesia,10/4/1986
548,Christa,Rockwill,crockwillf7@foxnews.com,Female,Iraq,7/30/1980
549,Peder,Whybrow,pwhybrowf8@list-manage.com,Male,Poland,8/31/1984
550,Geneva,O'Neill,goneillf9@pinterest.com,Female,China,9/16/1980
551,Hillard,Bigly,hbiglyfa@tinyurl.com,Male,Japan,10/29/1987
552,Murry,Heindl,mheindlfb@cdbaby.com,Male,Dominican Republic,11/23/1972
553,Gustaf,Bronger,gbrongerfc@nba.com,Male,China,6/27/1986
554,Hildagard,Benting,hbentingfd@so-net.ne.jp,Female,Finland,3/3/1986
555,Patty,Yann,pyannfe@apple.com,Male,Philippines,4/25/1984
556,Barri,Lemon,blemonff@lycos.com,Male,Brazil,5/5/1982
557,Robena,Riccard,rriccardfg@google.fr,Female,China,3/11/1975
558,Tim,Cogger,tcoggerfh@posterous.com,Female,Indonesia,3/24/1998
559,Shermy,Milberry,smilberryfi@mayoclinic.com,Male,France,10/15/1983
560,Lewes,Cregg,lcreggfj@webs.com,Male,China,8/3/1975
561,Jessalyn,Mayze,jmayzefk@cam.ac.uk,Female,China,5/15/1974
562,Shaughn,Whitney,swhitneyfl@bbc.co.uk,Male,Israel,1/6/1981
563,Blair,Hawkridge,bhawkridgefm@hp.com,Female,China,2/4/1982
564,Russell,Coffey,rcoffeyfn@npr.org,Male,Canada,7/5/1989
565,Clemmy,Charnock,ccharnockfo@bbb.org,Female,Georgia,5/17/1995
566,Melisse,Lampitt,mlampittfp@jigsy.com,Female,France,11/23/1980
567,Casie,Muscat,cmuscatfq@bluehost.com,Female,Poland,6/29/1976
568,Manfred,Penticoot,mpenticootfr@reference.com,Male,France,6/22/1995
569,Hamnet,Towll,htowllfs@plala.or.jp,Male,Indonesia,3/11/1995
570,Olly,Jorck,ojorckft@ning.com,Female,Greece,11/20/1984
571,Oralle,Paulillo,opaulillofu@mail.ru,Female,Panama,7/6/1973
572,Fabe,Jenkinson,fjenkinsonfv@dropbox.com,Male,Russia,12/7/1984
573,Kandace,Childrens,kchildrensfw@myspace.com,Female,China,9/23/1993
574,Raddie,Beggi,rbeggifx@ycombinator.com,Male,Uzbekistan,10/4/1990
575,Allyn,Crady,acradyfy@engadget.com,Male,Serbia,2/20/1972
576,Seline,Storm,sstormfz@reverbnation.com,Female,El Salvador,5/9/1985
577,Consuelo,Ruddiforth,cruddiforthg0@odnoklassniki.ru,Female,Brazil,2/4/1985
578,Norri,Ubank,nubankg1@bizjournals.com,Female,Philippines,1/26/1990
579,Ira,Dreher,idreherg2@wiley.com,Female,China,4/11/1992
580,Giacopo,Estick,gestickg3@weebly.com,Male,China,10/19/1980
581,Flory,Winspear,fwinspearg4@google.ru,Male,China,7/17/1993
582,Micheline,Cominotti,mcominottig5@census.gov,Female,Indonesia,7/13/1985
583,Royal,Thornewell,rthornewellg6@senate.gov,Male,Spain,8/23/1985
584,Louella,Stirman,lstirmang7@un.org,Female,Ukraine,12/9/1975
585,Madalyn,Budibent,mbudibentg8@rakuten.co.jp,Female,Uzbekistan,12/29/1989
586,Sheryl,Bulger,sbulgerg9@time.com,Female,Mexico,10/8/1990
587,Shandee,Baylay,sbaylayga@geocities.com,Female,Finland,10/9/1980
588,Jakob,Kiffe,jkiffegb@nasa.gov,Male,Cameroon,10/25/1980
589,Jack,Hought,jhoughtgc@bandcamp.com,Male,Portugal,1/10/1977
590,Sigfrid,Jakel,sjakelgd@cargocollective.com,Male,Norway,6/30/1995
591,Wynn,Fenimore,wfenimorege@hp.com,Female,Luxembourg,2/27/1988
592,Damita,Testro,dtestrogf@bravesites.com,Female,Germany,9/5/1994
593,Kareem,Le Hucquet,klehucquetgg@uiuc.edu,Male,Russia,7/25/1989
594,Jewell,Cristofolini,jcristofolinigh@nba.com,Female,Mongolia,12/31/1971
595,Chick,Evins,cevinsgi@aol.com,Male,Mayotte,9/2/1995
596,Paule,Paye,ppayegj@vk.com,Female,China,10/9/1996
597,Stefan,Howick,showickgk@youtu.be,Male,Portugal,1/22/1978
598,Forest,Kleinert,fkleinertgl@hc360.com,Male,Poland,3/28/1980
599,Jackson,Algore,jalgoregm@naver.com,Male,Poland,1/11/1988
600,Gaven,Bridgnell,gbridgnellgn@buzzfeed.com,Male,Philippines,1/13/1975
601,Paxon,Brownsall,pbrownsallgo@bravesites.com,Male,Poland,1/15/1983
602,Winonah,Tadgell,wtadgellgp@symantec.com,Female,Philippines,6/8/1972
603,Meir,Naper,mnapergq@wix.com,Male,Panama,3/28/1979
604,Lonny,Godsmark,lgodsmarkgr@google.de,Male,Sweden,12/29/1991
605,Tomasine,Lovelock,tlovelockgs@jalbum.net,Female,Philippines,3/5/1999
606,Giselle,Marlon,gmarlongt@hhs.gov,Female,China,9/9/1972
607,Leona,Alvaro,lalvarogu@plala.or.jp,Female,Germany,6/12/1976
608,Yorgo,Goldsberry,ygoldsberrygv@webmd.com,Male,China,7/6/1996
609,Muriel,Daintree,mdaintreegw@paypal.com,Female,Guatemala,3/7/1989
610,Kerby,Le Friec,klefriecgx@sourceforge.net,Male,China,9/30/1991
611,Ravi,Gerssam,rgerssamgy@cdbaby.com,Male,United States,1/19/1997
612,Victor,Surmon,vsurmongz@t-online.de,Male,Japan,9/7/1993
613,Herbie,Izkovici,hizkovicih0@liveinternet.ru,Male,Mexico,10/9/1981
614,Hal,Magnay,hmagnayh1@macromedia.com,Male,Samoa,9/5/1989
615,Had,Siggens,hsiggensh2@angelfire.com,Male,Czech Republic,7/23/1984
616,Micaela,Manderson,mmandersonh3@behance.net,Female,Indonesia,4/6/1993
617,Lawrence,Briggdale,lbriggdaleh4@yellowpages.com,Male,Greece,1/9/1993
618,Randy,Tennet,rtenneth5@issuu.com,Male,Zambia,7/27/1992
619,Guenna,Sherland,gsherlandh6@sakura.ne.jp,Female,China,5/3/1987
620,Richardo,Shobbrook,rshobbrookh7@exblog.jp,Male,Indonesia,11/21/1990
621,Arte,Duckerin,aduckerinh8@engadget.com,Male,Canada,4/17/1976
622,Samson,Pritty,sprittyh9@google.es,Male,Somalia,7/30/1995
623,David,Gascoigne,dgascoigneha@feedburner.com,Male,Brazil,4/6/1973
624,Adrianne,Fyrth,afyrthhb@sphinn.com,Female,Sweden,7/31/1980
625,Dael,MacTeggart,dmacteggarthc@foxnews.com,Female,South Africa,5/26/1990
626,Vinita,Storer,vstorerhd@fotki.com,Female,Indonesia,1/11/1984
627,Faye,Vasilchenko,fvasilchenkohe@purevolume.com,Female,Benin,1/20/1996
628,Mac,Ferrarin,mferrarinhf@xing.com,Male,Czech Republic,7/5/1974
629,Ximenez,Gabriel,xgabrielhg@comcast.net,Male,Argentina,4/25/1983
630,Sybille,O' Brian,sobrianhh@ask.com,Female,Estonia,10/1/2000
631,Odetta,Skevington,oskevingtonhi@who.int,Female,Indonesia,3/8/1978
632,Efren,Blencoe,eblencoehj@fda.gov,Male,Tunisia,5/26/1991
633,Dani,Milan,dmilanhk@stanford.edu,Male,Honduras,12/5/1995
634,Carly,Conibeer,cconibeerhl@ca.gov,Female,Russia,2/18/1999
635,Zacharia,Mudd,zmuddhm@livejournal.com,Male,France,2/12/1987
636,Orbadiah,Battleson,obattlesonhn@huffingtonpost.com,Male,France,5/23/1982
637,Junia,Murney,jmurneyho@dagondesign.com,Female,Indonesia,11/11/1979
638,Gavan,Aitchinson,gaitchinsonhp@icq.com,Male,Philippines,7/10/1979
639,Spencer,Persey,sperseyhq@unblog.fr,Male,Indonesia,9/10/1992
640,Trumaine,Farrar,tfarrarhr@marketwatch.com,Male,Indonesia,5/16/1992
641,Susan,Fulham,sfulhamhs@walmart.com,Female,Niger,5/24/1983
642,Benson,Robardley,brobardleyht@youtu.be,Male,Peru,4/3/1982
643,Kary,Tight,ktighthu@naver.com,Female,China,9/4/1972
644,Lila,Petrolli,lpetrollihv@ucoz.ru,Female,China,4/17/1997
645,Lyle,Markie,lmarkiehw@dedecms.com,Male,Bulgaria,5/15/1990
646,Vincenz,Franklen,vfranklenhx@apple.com,Male,Sweden,4/7/1993
647,Olva,Slee,osleehy@washingtonpost.com,Female,Germany,3/5/1981
648,Oneida,Wenger,owengerhz@accuweather.com,Female,Egypt,5/9/1995
649,Nowell,Beine,nbeinei0@oaic.gov.au,Male,Nigeria,5/10/1992
650,Verna,Middell,vmiddelli1@amazon.co.uk,Female,China,3/26/1995
651,Codi,Lyall,clyalli2@bloglovin.com,Female,Indonesia,1/27/1990
652,Gayel,Samples,gsamplesi3@hud.gov,Female,China,3/9/1999
653,Hayden,Waterstone,hwaterstonei4@so-net.ne.jp,Male,China,12/1/1985
654,Koressa,O'Loughane,koloughanei5@shutterfly.com,Female,Poland,2/13/1977
655,Merridie,Kinner,mkinneri6@dedecms.com,Female,Philippines,3/21/1994
656,Wolf,McGready,wmcgreadyi7@youku.com,Male,Portugal,8/16/1994
657,Valene,Brims,vbrimsi8@house.gov,Female,United States,7/24/1979
658,Sherman,Parres,sparresi9@usatoday.com,Male,Sweden,2/15/1998
659,Krystal,Dober,kdoberia@dedecms.com,Female,Paraguay,5/21/1995
660,Luther,Itzchaky,litzchakyib@php.net,Male,Serbia,9/18/1999
661,Ali,Treske,atreskeic@accuweather.com,Female,Iraq,12/15/1991
662,Gamaliel,Burthom,gburthomid@bloomberg.com,Male,Myanmar,10/31/1980
663,Melania,Jeffryes,mjeffryesie@ovh.net,Female,Kuwait,8/6/1973
664,Risa,Toulmin,rtoulminif@amazon.co.uk,Female,Democratic Republic of the Congo,7/25/1971
665,Lianne,Feild,lfeildig@ovh.net,Female,China,9/7/1988
666,Harriot,Garment,hgarmentih@addtoany.com,Female,Mongolia,6/5/1987
667,Jamesy,Warby,jwarbyii@naver.com,Male,China,7/14/1989
668,Allyson,Smorthit,asmorthitij@ihg.com,Female,France,6/2/1977
669,Mathe,Worledge,mworledgeik@cloudflare.com,Male,China,12/5/1985
670,Nalani,Bemment,nbemmentil@creativecommons.org,Female,Russia,8/2/1974
671,Gaultiero,McCulloch,gmccullochim@irs.gov,Male,China,7/26/1978
672,Elysee,Ferandez,eferandezin@sakura.ne.jp,Female,Sweden,9/26/1979
673,Hi,Punt,hpuntio@people.com.cn,Male,Mongolia,9/14/1998
674,Drugi,Burg,dburgip@washington.edu,Male,Brazil,9/5/1991
675,Gardner,Blackborow,gblackborowiq@boston.com,Male,Indonesia,4/24/1973
676,Kale,McNiff,kmcniffir@wunderground.com,Male,China,2/5/1977
677,Lorrie,Hedgecock,lhedgecockis@google.cn,Male,Portugal,10/7/1981
678,Wally,Manvell,wmanvellit@artisteer.com,Female,France,5/27/1990
679,Nick,Clapison,nclapisoniu@yellowpages.com,Male,Russia,6/4/1992
680,Jordon,Taffe,jtaffeiv@a8.net,Male,Netherlands,9/12/1979
681,Erma,McQuaid,emcquaidiw@i2i.jp,Female,Philippines,7/4/1990
682,Elisabeth,Angelini,eangeliniix@plala.or.jp,Female,United States,4/10/1975
683,Lowrance,Readshaw,lreadshawiy@meetup.com,Male,China,10/14/1989
684,Jacky,Kirk,jkirkiz@salon.com,Male,Saudi Arabia,5/26/1995
685,Pietrek,Woolager,pwoolagerj0@privacy.gov.au,Male,Serbia,8/12/1987
686,Shela,Weathers,sweathersj1@omniture.com,Female,Russia,4/10/1982
687,Meredith,Macveigh,mmacveighj2@pen.io,Male,Philippines,10/16/1973
688,Humphrey,Boler,hbolerj3@nasa.gov,Male,Luxembourg,4/1/1996
689,Elvis,Becarra,ebecarraj4@upenn.edu,Male,United States,4/22/1974
690,Dion,Fearns,dfearnsj5@youku.com,Female,Sweden,11/5/1998
691,Dell,Render,drenderj6@wsj.com,Female,Brazil,6/1/1996
692,Maud,Ungerecht,mungerechtj7@goo.ne.jp,Female,Philippines,4/28/1996
693,Harris,Weiss,hweissj8@quantcast.com,Male,Brazil,12/18/1971
694,Donnell,Riccio,driccioj9@engadget.com,Male,Pakistan,5/25/1994
695,Isaiah,Dunk,idunkja@theatlantic.com,Male,Thailand,9/26/1971
696,Chris,Dorr,cdorrjb@furl.net,Female,Indonesia,5/27/1974
697,Glyn,Graveston,ggravestonjc@wikispaces.com,Male,Brazil,6/11/1992
698,Morey,Milmo,mmilmojd@1688.com,Male,China,6/8/1998
699,Kipp,McVity,kmcvityje@addthis.com,Male,Sweden,4/5/1974
700,Krista,Aughtie,kaughtiejf@stanford.edu,Female,Philippines,9/24/1980
701,Hillier,Aisthorpe,haisthorpejg@cdbaby.com,Male,Sweden,1/9/1990
702,Carlynne,Batha,cbathajh@harvard.edu,Female,Canada,4/15/1996
703,Forrester,Bramelt,fbrameltji@bloglines.com,Male,United States,2/9/1979
704,Gale,De Fries,gdefriesjj@slashdot.org,Female,Indonesia,8/18/1999
705,Alfy,Asche,aaschejk@deviantart.com,Female,Portugal,12/13/1994
706,Hewitt,Yosevitz,hyosevitzjl@tinyurl.com,Male,Thailand,10/27/1994
707,Emelyne,Tournay,etournayjm@twitpic.com,Female,Indonesia,7/23/1980
708,Ashla,Ehrat,aehratjn@theguardian.com,Female,China,10/15/1981
709,Emelia,Sheraton,esheratonjo@cnn.com,Female,France,6/2/2000
710,Rosamund,Jewett,rjewettjp@dagondesign.com,Female,China,2/20/1997
711,Timothy,McKeever,tmckeeverjq@bigcartel.com,Male,Russia,10/1/1981
712,Ruprecht,Burl,rburljr@youtube.com,Male,Nigeria,2/24/1974
713,Enrichetta,Caso,ecasojs@skyrock.com,Female,Poland,10/24/1987
714,Rodrigo,Puddle,rpuddlejt@adobe.com,Male,Australia,10/25/1973
715,Raymond,Seedhouse,rseedhouseju@tuttocitta.it,Male,Japan,3/29/1980
716,Kali,Schurig,kschurigjv@uol.com.br,Female,United States,8/12/1987
717,Jameson,Rosenbarg,jrosenbargjw@yolasite.com,Male,China,8/24/1981
718,Galven,Childes,gchildesjx@google.de,Male,Portugal,2/28/1972
719,Rodge,Croose,rcroosejy@ca.gov,Male,Nigeria,2/19/1986
720,Dawn,Attle,dattlejz@harvard.edu,Female,Bulgaria,5/4/1983
721,Herve,Boncore,hboncorek0@forbes.com,Male,Russia,1/3/1999
722,Sianna,Styles,sstylesk1@businessinsider.com,Female,Indonesia,10/10/1992
723,Selene,Hayball,shayballk2@noaa.gov,Female,China,11/27/1978
724,Llewellyn,Isgate,lisgatek3@smh.com.au,Male,Philippines,1/21/1990
725,Brandea,Quarrie,bquarriek4@g.co,Female,Taiwan,8/20/1972
726,Claudina,Gobell,cgobellk5@joomla.org,Female,Portugal,8/3/1993
727,Dotty,Ruzicka,druzickak6@wikispaces.com,Female,Dominican Republic,6/4/1999
728,Charis,Chesman,cchesmank7@indiegogo.com,Female,Russia,8/20/1972
729,Wilmette,Girling,wgirlingk8@gov.uk,Female,Russia,12/23/1999
730,Ulrick,Moquin,umoquink9@tuttocitta.it,Male,Macedonia,4/18/1982
731,Darius,Haylett,dhaylettka@ucoz.ru,Male,China,8/6/1996
732,Sheridan,Pennycock,spennycockkb@vistaprint.com,Male,Philippines,6/21/1987
733,Carlye,Pitfield,cpitfieldkc@amazon.co.jp,Female,Canada,5/24/1972
734,Haven,Cockerill,hcockerillkd@ihg.com,Male,Indonesia,10/27/1979
735,Gerick,Trevains,gtrevainske@telegraph.co.uk,Male,Indonesia,12/31/1970
736,Cori,Brushneen,cbrushneenkf@symantec.com,Male,China,4/9/1993
737,Clerkclaude,Martschik,cmartschikkg@deviantart.com,Male,France,6/17/1995
738,Hulda,Stailey,hstaileykh@chronoengine.com,Female,Russia,2/24/1972
739,Ellwood,Redferne,eredferneki@yolasite.com,Male,United States,10/15/1971
740,Georgeanna,Hearnah,ghearnahkj@spotify.com,Female,Sweden,12/29/1971
741,Florance,Giacobelli,fgiacobellikk@seesaa.net,Female,China,2/22/1973
742,Mathias,Shurmer,mshurmerkl@youku.com,Male,Thailand,8/10/1984
743,Cary,Emlin,cemlinkm@aboutads.info,Female,Portugal,5/25/1983
744,Riane,Christopherson,rchristophersonkn@unesco.org,Female,Czech Republic,4/7/1978
745,Cassondra,Tetley,ctetleyko@netlog.com,Female,Morocco,2/6/1984
746,Robbie,Yu,ryukp@dropbox.com,Male,China,9/17/1992
747,Felicia,Salack,fsalackkq@google.pl,Female,China,11/18/1988
748,Wanda,Roux,wrouxkr@abc.net.au,Female,Morocco,3/2/1975
749,Ephrem,Clayal,eclayalks@simplemachines.org,Male,Russia,10/4/1996
750,Griff,Celand,gcelandkt@tmall.com,Male,Mexico,1/20/1971
751,Jobye,Dike,jdikeku@uol.com.br,Female,Myanmar,8/16/1991
752,Donny,Macak,dmacakkv@prlog.org,Female,Poland,7/4/1998
753,Cacilia,Helleker,chellekerkw@umich.edu,Female,Russia,8/10/1980
754,Pippo,Mix,pmixkx@ameblo.jp,Male,Mozambique,5/18/1998
755,Matilda,Schulken,mschulkenky@biblegateway.com,Female,Spain,8/12/1975
756,Brody,Linnemann,blinnemannkz@soundcloud.com,Male,Saudi Arabia,10/29/1989
757,Vin,Picardo,vpicardol0@dropbox.com,Male,China,4/29/1973
758,Pancho,Dunmore,pdunmorel1@cbslocal.com,Male,Philippines,6/11/1979
759,Standford,Colkett,scolkettl2@nba.com,Male,North Korea,4/22/1987
760,Baryram,Atterley,batterleyl3@hatena.ne.jp,Male,China,9/13/1988
761,Bradley,Wadesworth,bwadesworthl4@cmu.edu,Male,Indonesia,12/12/1985
762,Dom,Lyfield,dlyfieldl5@oracle.com,Male,Russia,8/31/1993
763,El,Georgot,egeorgotl6@nasa.gov,Male,Russia,8/8/1979
764,Wilie,Claire,wclairel7@livejournal.com,Female,Botswana,3/10/1985
765,Jethro,Brittain,jbrittainl8@nsw.gov.au,Male,Russia,3/15/1986
766,Tessa,Fetherstan,tfetherstanl9@mail.ru,Female,Venezuela,6/18/1996
767,Rodina,Abrahams,rabrahamsla@phpbb.com,Female,France,3/29/2000
768,Dolph,Calliss,dcallisslb@pcworld.com,Male,Maldives,9/24/1985
769,Chelsy,Beesley,cbeesleylc@storify.com,Female,Sweden,8/1/1972
770,Valry,Pollak,vpollakld@constantcontact.com,Female,China,9/22/1989
771,Sukey,Helin,shelinle@usa.gov,Female,China,9/24/1979
772,Clayborn,Sieghard,csieghardlf@sohu.com,Male,Thailand,4/19/1984
773,Kendell,Vlasin,kvlasinlg@archive.org,Male,Tanzania,9/30/1976
774,Curr,Rottenbury,crottenburylh@kickstarter.com,Male,Indonesia,12/23/1973
775,Jacquenetta,Lenden,jlendenli@microsoft.com,Female,China,2/4/1988
776,Venita,Skone,vskonelj@addtoany.com,Female,China,2/5/1973
777,Franciskus,Brum,fbrumlk@mozilla.org,Male,Indonesia,10/13/1990
778,Jackelyn,Danes,jdanesll@yellowbook.com,Female,Peru,9/19/2000
779,Marlane,Caff,mcafflm@mac.com,Female,Indonesia,4/5/2000
780,Sinclair,Arthy,sarthyln@illinois.edu,Male,China,4/17/1999
781,Antonietta,Longridge,alongridgelo@over-blog.com,Female,Brazil,2/18/1990
782,Rex,Kelk,rkelklp@seesaa.net,Male,Greece,1/21/1973
783,Griz,Shropsheir,gshropsheirlq@ifeng.com,Male,Brazil,8/2/1987
784,Hendrick,Read,hreadlr@thetimes.co.uk,Male,China,3/7/1981
785,Jamima,Dymick,jdymickls@yelp.com,Female,Brazil,1/5/1987
786,Isaak,Norris,inorrislt@jalbum.net,Male,Liberia,2/27/1995
787,Vanni,Maffiotti,vmaffiottilu@blogs.com,Female,China,9/27/1989
788,Delcine,Cullin,dcullinlv@live.com,Female,Portugal,2/18/1997
789,Deloria,Ryal,dryallw@sina.com.cn,Female,Argentina,4/19/1978
790,Hallsy,Seivertsen,hseivertsenlx@mit.edu,Male,China,12/20/1979
791,Jorry,Brill,jbrillly@ehow.com,Female,Sri Lanka,7/14/1974
792,Jordain,Michie,jmichielz@mail.ru,Female,China,10/23/1978
793,Roana,Bonicelli,rbonicellim0@forbes.com,Female,Indonesia,1/12/1987
794,Aleta,Osbaldeston,aosbaldestonm1@skyrock.com,Female,France,8/21/1997
795,Gabbie,Fairebrother,gfairebrotherm2@disqus.com,Female,Japan,8/7/1979
796,Buckie,Ilieve,bilievem3@alexa.com,Male,Croatia,5/30/1978
797,Robbie,MacRannell,rmacrannellm4@seattletimes.com,Female,South Africa,4/22/1971
798,Tarra,Steinhammer,tsteinhammerm5@nature.com,Female,Honduras,5/27/1983
799,Lenee,Grushin,lgrushinm6@moonfruit.com,Female,Philippines,2/19/1972
800,Tine,MacGuiness,tmacguinessm7@deliciousdays.com,Female,Sweden,6/4/1978
801,Whittaker,Vass,wvassm8@sun.com,Male,Czech Republic,3/22/1981
802,Hilario,Chelnam,hchelnamm9@state.tx.us,Male,Pakistan,7/1/1978
803,Nessy,Latch,nlatchma@indiegogo.com,Female,Saint Kitts and Nevis,3/8/1982
804,Imogene,Debrett,idebrettmb@networksolutions.com,Female,Iraq,12/25/1993
805,Rutherford,Rugiero,rrugieromc@unicef.org,Male,Japan,8/6/1988
806,Edithe,Lowndes,elowndesmd@si.edu,Female,Netherlands,5/30/1980
807,Ellene,Feander,efeanderme@csmonitor.com,Female,China,3/9/1997
808,Dmitri,Mallabon,dmallabonmf@squarespace.com,Male,Mongolia,11/11/1995
809,Wally,McFadyen,wmcfadyenmg@scribd.com,Female,China,3/30/1991
810,Marie-ann,Birtonshaw,mbirtonshawmh@smh.com.au,Female,Russia,9/1/1998
811,Alexis,Noli,anolimi@prnewswire.com,Male,China,12/17/1991
812,Greta,Featenby,gfeatenbymj@livejournal.com,Female,Peru,4/22/2000
813,Jean,Sapauton,jsapautonmk@4shared.com,Female,Indonesia,11/30/1974
814,Leon,Lillecrop,llillecropml@telegraph.co.uk,Male,Indonesia,6/17/1977
815,Konstance,Compford,kcompfordmm@go.com,Female,South Africa,9/6/1981
816,Alexei,Telfer,atelfermn@bing.com,Male,Russia,2/26/1975
817,Ava,Kalkofen,akalkofenmo@tripadvisor.com,Female,Chile,3/5/1978
818,Cristobal,Buntine,cbuntinemp@jalbum.net,Male,Thailand,10/9/1995
819,Farrell,Kildahl,fkildahlmq@utexas.edu,Male,Portugal,12/31/1975
820,Kesley,Minster,kminstermr@mapquest.com,Female,Thailand,1/23/1979
821,Shawn,Lamburn,slamburnms@liveinternet.ru,Male,China,7/3/1983
822,Sarene,Aggs,saggsmt@live.com,Female,Russia,11/28/1976
823,Mirabelle,Serjent,mserjentmu@icio.us,Female,China,11/3/1995
824,Stefano,Hiddersley,shiddersleymv@umich.edu,Male,Thailand,2/17/1980
825,Bartram,Hiskey,bhiskeymw@guardian.co.uk,Male,Bangladesh,2/28/1992
826,Keir,Bannister,kbannistermx@google.nl,Male,Indonesia,9/12/1978
827,Dulcy,Clague,dclaguemy@mtv.com,Female,Poland,4/22/1989
828,Morten,Clemot,mclemotmz@amazonaws.com,Male,Vietnam,5/26/1972
829,Arlene,Pamplin,apamplinn0@wisc.edu,Female,Russia,1/31/1987
830,Cristiano,Meechan,cmeechann1@parallels.com,Male,Poland,4/5/1997
831,Ruttger,Newbury,rnewburyn2@wsj.com,Male,China,2/13/1996
832,Tobie,Trunkfield,ttrunkfieldn3@xinhuanet.com,Male,Russia,11/20/1979
833,Gerri,Drakes,gdrakesn4@narod.ru,Female,China,11/17/1974
834,Jorge,Eliassen,jeliassenn5@ftc.gov,Male,China,8/21/1989
835,Wilbert,Stiant,wstiantn6@wsj.com,Male,Sweden,11/30/1983
836,Myron,Martinson,mmartinsonn7@icq.com,Male,Netherlands,2/10/1988
837,Anthea,Karolovsky,akarolovskyn8@edublogs.org,Female,Indonesia,6/4/1996
838,Lesley,MacKomb,lmackombn9@umn.edu,Female,China,5/17/1981
839,Spenser,Ferrant,sferrantna@unblog.fr,Male,Thailand,11/9/1992
840,Collin,Mindenhall,cmindenhallnb@yolasite.com,Male,China,5/20/1973
841,Cammi,Rikel,crikelnc@huffingtonpost.com,Female,Ireland,11/5/1973
842,Tabor,Biddell,tbiddellnd@behance.net,Male,Russia,3/20/1998
843,Jeffie,Gatecliff,jgatecliffne@cam.ac.uk,Male,France,7/26/1973
844,Barry,Lasham,blashamnf@t-online.de,Female,China,3/9/1980
845,Cchaddie,Bullers,cbullersng@mapquest.com,Male,Indonesia,4/4/1986
846,Kelcie,Mulliss,kmullissnh@privacy.gov.au,Female,Poland,4/17/1990
847,Martino,Bolmann,mbolmannni@cisco.com,Male,Kenya,9/25/1978
848,Nicolea,Hamlet,nhamletnj@wikispaces.com,Female,China,3/25/1976
849,Mayor,Jacop,mjacopnk@shutterfly.com,Male,Bulgaria,2/27/1995
850,Danella,Shorto,dshortonl@rediff.com,Female,Indonesia,11/26/1984
851,Hendrika,Gorgen,hgorgennm@tumblr.com,Female,Portugal,8/28/1976
852,Sylvan,Postance,spostancenn@163.com,Male,Latvia,2/23/1979
853,Weider,Jorden,wjordenno@discuz.net,Male,Serbia,8/9/1974
854,Rockie,Bennell,rbennellnp@google.pl,Male,Norway,9/29/1995
855,Corty,Dungey,cdungeynq@privacy.gov.au,Male,Indonesia,12/15/1972
856,Yorke,Tee,yteenr@booking.com,Male,Portugal,7/14/1975
857,Katlin,Brekonridge,kbrekonridgens@ehow.com,Female,Kazakhstan,4/10/1989
858,Thomasa,Matussevich,tmatussevichnt@pinterest.com,Female,Philippines,1/15/1983
859,Sibilla,Tumility,stumilitynu@rambler.ru,Female,China,1/6/1981
860,Tori,Jackes,tjackesnv@webeden.co.uk,Female,Poland,1/27/1975
861,Elke,Dimmack,edimmacknw@ed.gov,Female,Indonesia,4/3/1993
862,Corliss,Simounet,csimounetnx@nih.gov,Female,Russia,5/28/1988
863,Gerhardine,Arbuckle,garbuckleny@washingtonpost.com,Female,Philippines,11/12/1970
864,Carola,Maden,cmadennz@issuu.com,Female,China,6/29/1991
865,Kath,Ungaretti,kungarettio0@ftc.gov,Female,China,9/26/1984
866,Miguel,Gimson,mgimsono1@myspace.com,Male,Thailand,7/23/1994
867,Giorgia,Vaggs,gvaggso2@dot.gov,Female,Japan,8/23/1973
868,Emiline,Simonetti,esimonettio3@tmall.com,Female,Brazil,8/23/1992
869,Pearle,Walwood,pwalwoodo4@accuweather.com,Female,Russia,12/4/1986
870,Shea,Garmon,sgarmono5@pen.io,Male,Portugal,3/8/1982
871,Rollo,Catton,rcattono6@friendfeed.com,Male,Tanzania,11/4/1977
872,Ashlee,Ludwell,aludwello7@google.de,Female,Indonesia,3/24/1995
873,Sher,Whitton,swhittono8@earthlink.net,Female,France,5/30/1997
874,Kurt,Pendreigh,kpendreigho9@umn.edu,Male,Brazil,4/30/1978
875,Silvano,Byfford,sbyffordoa@businessinsider.com,Male,Czech Republic,12/2/1993
876,Meghan,Baudou,mbaudouob@usda.gov,Female,China,11/18/1978
877,Barri,Vittery,bvitteryoc@mozilla.com,Male,Pakistan,6/26/1989
878,Alyse,Cham,achamod@phpbb.com,Female,Thailand,7/11/1982
879,Sharla,Lincke,slinckeoe@archive.org,Female,Indonesia,6/14/1985
880,Ephrayim,Cayle,ecayleof@craigslist.org,Male,Thailand,2/20/1991
881,Hersch,Zambon,hzambonog@sun.com,Male,China,6/24/1993
882,Elvin,Lawrie,elawrieoh@globo.com,Male,Thailand,7/15/1977
883,Kailey,Chave,kchaveoi@bluehost.com,Female,Russia,2/16/1985
884,Cammy,Kovacs,ckovacsoj@issuu.com,Male,China,9/9/1975
885,Clarisse,McLukie,cmclukieok@globo.com,Female,Thailand,7/2/1993
886,Giselle,Lanphier,glanphierol@livejournal.com,Female,China,7/16/1972
887,Herold,Pechell,hpechellom@plala.or.jp,Male,China,1/3/1985
888,Jacinthe,Trousdale,jtrousdaleon@quantcast.com,Female,United States,2/18/1978
889,Ardith,Feild,afeildoo@telegraph.co.uk,Female,Indonesia,8/30/1983
890,Marshal,Janson,mjansonop@ning.com,Male,Thailand,5/4/1994
891,Terrijo,Birdsall,tbirdsalloq@odnoklassniki.ru,Female,Brazil,6/2/1998
892,Katharina,Brundle,kbrundleor@tripod.com,Female,Tajikistan,7/25/1982
893,Randal,Davidow,rdavidowos@pbs.org,Male,China,8/13/1991
894,Madison,McBratney,mmcbratneyot@slashdot.org,Male,Brazil,3/18/1979
895,Colly,Cruttenden,ccruttendenou@paginegialle.it,Female,Kazakhstan,4/3/1988
896,Renault,Fosdyke,rfosdykeov@blogs.com,Male,Greece,5/31/1971
897,Hubie,Wintersgill,hwintersgillow@51.la,Male,Burkina Faso,3/23/1984
898,Tracy,Mascall,tmascallox@youku.com,Female,Japan,3/14/1977
899,Gilbertina,Hackly,ghacklyoy@stumbleupon.com,Female,Serbia,4/25/1999
900,Dennison,Mousley,dmousleyoz@princeton.edu,Male,China,3/19/1987
901,Harald,Gardener,hgardenerp0@ebay.com,Male,Thailand,10/17/1970
902,Rubin,Ledgerton,rledgertonp1@mozilla.com,Male,Uzbekistan,12/26/1980
903,Roley,Iacobini,riacobinip2@ezinearticles.com,Male,Russia,11/13/1988
904,Land,Towse,ltowsep3@pen.io,Male,Christmas Island,3/6/1989
905,Abdel,Assante,aassantep4@google.ca,Male,Greece,9/27/1972
906,Quillan,Drust,qdrustp5@nasa.gov,Male,Brazil,10/20/1990
907,Em,Sweeting,esweetingp6@twitter.com,Male,Philippines,8/3/1989
908,Renelle,Oultram,roultramp7@baidu.com,Female,China,5/31/1999
909,Merrili,Crim,mcrimp8@bravesites.com,Female,Portugal,9/7/1975
910,Maude,Pay,mpayp9@ibm.com,Female,Indonesia,11/8/1991
911,Burnaby,Witnall,bwitnallpa@cam.ac.uk,Male,China,1/2/1993
912,Rudolfo,Rollason,rrollasonpb@printfriendly.com,Male,United States,12/26/1997
913,Johanna,Howes,jhowespc@sphinn.com,Female,China,8/20/1994
914,Salvador,Goodwell,sgoodwellpd@zdnet.com,Male,Dominican Republic,2/11/1984
915,Ludovika,Duns,ldunspe@pen.io,Female,Dominica,2/13/1976
916,Virgina,Danilovitch,vdanilovitchpf@usatoday.com,Female,Netherlands,2/10/1986
917,Cletus,Tyce,ctycepg@plala.or.jp,Male,Iran,5/28/1981
918,Sebastian,Mucci,smucciph@hhs.gov,Male,China,9/8/1993
919,Arleyne,Isitt,aisittpi@omniture.com,Female,Malaysia,11/7/1976
920,Arny,Nears,anearspj@ocn.ne.jp,Male,Honduras,4/3/1979
921,Franz,Chaudhry,fchaudhrypk@bloglovin.com,Male,Jamaica,6/19/1983
922,Madlin,Skells,mskellspl@japanpost.jp,Female,Indonesia,2/17/1982
923,Lucas,Fawlks,lfawlkspm@gizmodo.com,Male,New Caledonia,11/4/1988
924,Kermie,Meharg,kmehargpn@nps.gov,Male,China,5/4/1992
925,Gerrilee,Dunston,gdunstonpo@cnbc.com,Female,Anguilla,8/14/1990
926,Cy,Gilhoolie,cgilhooliepp@jimdo.com,Male,China,1/30/1979
927,Ulrick,Pauel,upauelpq@statcounter.com,Male,Canada,4/12/1995
928,Pail,Blumfield,pblumfieldpr@bloglovin.com,Male,China,7/29/2000
929,Lyndsie,Keilloh,lkeillohps@comsenz.com,Female,Indonesia,9/21/1990
930,Ingamar,Rontsch,irontschpt@devhub.com,Male,Brazil,3/23/1972
931,Ginnie,McGilvary,gmcgilvarypu@1und1.de,Female,China,5/6/1991
932,Bernarr,Elsby,belsbypv@msu.edu,Male,Russia,1/14/1978
933,Fowler,Ghilks,fghilkspw@sun.com,Male,Peru,3/5/1996
934,Maitilde,Goard,mgoardpx@psu.edu,Female,Indonesia,1/21/1990
935,Marten,Kinset,mkinsetpy@umn.edu,Male,China,6/29/1979
936,Jack,Fullun,jfullunpz@china.com.cn,Male,United Kingdom,7/29/1983
937,Adair,Aberkirder,aaberkirderq0@hud.gov,Male,France,2/1/1995
938,Boniface,Torbard,btorbardq1@dailymotion.com,Male,Thailand,9/30/1995
939,Hildegaard,Schirak,hschirakq2@cbslocal.com,Female,China,1/28/1997
940,Reggi,Sumsion,rsumsionq3@merriam-webster.com,Female,Portugal,1/10/1995
941,Adelaide,Battin,abattinq4@ebay.co.uk,Female,Indonesia,12/28/1993
942,Theodora,Stanning,tstanningq5@domainmarket.com,Female,China,1/25/1990
943,Ania,Landsman,alandsmanq6@theguardian.com,Female,Ukraine,12/7/1972
944,Papageno,Labrow,plabrowq7@wp.com,Male,Mexico,11/16/1981
945,Raina,Darwood,rdarwoodq8@tripod.com,Female,Guatemala,9/23/1994
946,Mathilda,Gurys,mgurysq9@zimbio.com,Female,China,11/22/1991
947,Sigismund,Ratlee,sratleeqa@reddit.com,Male,Peru,3/18/1990
948,Jorie,Espy,jespyqb@businesswire.com,Female,Canada,10/5/1979
949,Corly,Biagini,cbiaginiqc@uol.com.br,Female,Russia,8/11/1992
950,Morty,Shalcras,mshalcrasqd@utexas.edu,Male,China,10/21/1991
951,Zerk,Hodinton,zhodintonqe@yale.edu,Male,Sweden,10/23/1998
952,Valenka,Gossling,vgosslingqf@dropbox.com,Female,Russia,7/26/1992
953,Lynn,Seary,lsearyqg@tripod.com,Male,Chile,6/10/1991
954,Ingaborg,Pacher,ipacherqh@vkontakte.ru,Female,Thailand,11/17/1976
955,Ashely,Strachan,astrachanqi@google.com.au,Female,China,2/8/1982
956,Dieter,Blincko,dblinckoqj@businesswire.com,Male,Greece,4/29/1982
957,Victor,Withur,vwithurqk@desdev.cn,Male,China,10/30/1970
958,Gaylord,Glynn,gglynnql@cnbc.com,Male,Mexico,8/11/1979
959,Ivory,Jacquet,ijacquetqm@nifty.com,Female,Russia,6/11/1997
960,Jakie,O' Hanvey,johanveyqn@canalblog.com,Male,Brazil,8/13/1977
961,Kellen,Martynov,kmartynovqo@google.pl,Male,Ireland,10/23/1980
962,Vevay,Pidduck,vpidduckqp@a8.net,Female,Russia,10/27/1983
963,Analiese,Warstall,awarstallqq@plala.or.jp,Female,South Africa,1/19/1971
964,Rich,Doble,rdobleqr@liveinternet.ru,Male,China,10/25/1992
965,Kellen,Sollom,ksollomqs@t.co,Female,Paraguay,1/21/1975
966,Torrance,Gibbe,tgibbeqt@yale.edu,Male,Poland,4/26/1979
967,Farrah,Mayling,fmaylingqu@businesswire.com,Female,Indonesia,7/12/1998
968,Roberta,Curteis,rcurteisqv@ca.gov,Female,China,3/27/1978
969,Samantha,Casine,scasineqw@go.com,Female,China,12/20/1970
970,Michelina,O'Rourke,morourkeqx@msn.com,Female,United States,11/7/1976
971,Ali,Wilfling,awilflingqy@vkontakte.ru,Male,Brazil,2/16/1976
972,Wilmar,Dalwood,wdalwoodqz@dyndns.org,Male,Ireland,4/25/1991
973,Thurston,Van der Hoven,tvanderhovenr0@g.co,Male,China,1/13/1977
974,Gordie,Stiffell,gstiffellr1@ameblo.jp,Male,Brazil,5/15/1980
975,Gradey,Rubie,grubier2@goodreads.com,Male,Canada,4/15/1984
976,Eirena,Brolechan,ebrolechanr3@goo.gl,Female,Russia,3/18/1972
977,Erica,Gowdy,egowdyr4@usa.gov,Female,Pakistan,10/19/1984
978,Jasper,Bynert,jbynertr5@tripadvisor.com,Male,Turkey,3/5/1973
979,Eddi,Heeley,eheeleyr6@army.mil,Female,Sweden,7/6/1979
980,Sena,Antrag,santragr7@sfgate.com,Female,China,8/15/1987
981,Gardiner,Byneth,gbynethr8@google.de,Male,Thailand,6/11/1989
982,Cornelius,Goldstone,cgoldstoner9@example.com,Male,Brazil,6/13/1973
983,Vickie,Whether,vwhetherra@vistaprint.com,Female,Philippines,3/6/1999
984,Sheff,Margery,smargeryrb@cam.ac.uk,Male,Russia,2/8/1975
985,Noam,Harses,nharsesrc@telegraph.co.uk,Male,China,6/29/1995
986,Carole,McGeouch,cmcgeouchrd@drupal.org,Female,Canada,7/25/1990
987,Zena,Shadrach,zshadrachre@youtube.com,Female,Mexico,4/8/1986
988,Lauri,Beran,lberanrf@facebook.com,Female,Iran,1/31/1992
989,Antone,Elix,aelixrg@mapquest.com,Male,Iran,9/4/1980
990,Martainn,Figura,mfigurarh@hugedomains.com,Male,Finland,1/22/1977
991,Tally,Challis,tchallisri@ifeng.com,Female,Mexico,3/10/1999
992,Cherida,Stollenbecker,cstollenbeckerrj@mtv.com,Female,Afghanistan,10/13/1977
993,Jourdain,Janse,jjanserk@salon.com,Male,Philippines,9/12/1979
994,Corina,Borwick,cborwickrl@freewebs.com,Female,China,1/22/1985
995,Hillary,Carletti,hcarlettirm@cdbaby.com,Female,Vietnam,9/17/1985
996,Lacy,Dederick,ldederickrn@businesswire.com,Female,Panama,10/6/1990
997,Jocelin,O'Calleran,jocalleranro@hubpages.com,Female,Slovenia,8/23/1972
998,Jillian,Crocetti,jcrocettirp@techcrunch.com,Female,China,1/31/1971
999,Esther,McArtan,emcartanrq@google.co.jp,Female,China,6/24/1986
1000,Merci,Shah,mshahrr@icq.com,Female,Indonesia,7/2/2000
